{
  "version" : "3.4"
}{
  "users" : [ {
    "@id" : 1,
    "password" : "327f780eafb49d4b5ea9b6b11e77118d",
    "loginName" : "anarodic93@gmail.com",
    "fullName" : "anarodic93@gmail.com",
    "email" : "anarodic93@gmail.com",
    "initials" : "anarodic93@gmail.com",
    "enabled" : true,
    "admin" : true,
    "weekEffort" : 2400,
    "recentItemsNumberOfWeeks" : 16,
    "uiVersion" : 1,
    "autoassignToTasks" : true,
    "autoassignToStories" : false,
    "markStoryStarted" : "ask"
  } ],
  "holidays" : [ ],
  "products" : [ {
    "@class" : "fi.hut.soberit.agilefant.model.Product",
    "@id" : 2,
    "name" : "House",
    "description" : "<div><b>HOUSE is a large real estate agency employing about 20 agents. HOUSE specializes in selling city apartments. HOUSE has two types of customers: those who wish to sell their apartment (sellers) and those who wish to buy an apartment (buyers). HOUSE currently has more than 1000 customers, as well as many &nbsp;thousands of apartments in its records. HOUSE managers were thinking of expanding their &nbsp;company to other cities and decided to invest on a system that would support the &nbsp;centralized management of all their data and the process of selling apartments. They asked the software development company LOGISMIKO to build a system for this purpose.&nbsp;</b></div><div><b>The functionality of the desired system is summarized as follows: Each time a new customer (whether a buyer or a seller) visits the agency all personal data is being recorded. Moreover, details of the apartments offered for sale (by sellers) are recorded, as well as, preferences for a requested apartment (by buyers) are recorded. The agent can search the list of available apartments to find the most appropriate apartment for each of their customers. The system presents a list of apartments matching the buyers’ preferences and suggests these to the agents. Buyers then visit some of the apartments to decide whether they are interested in buying them. The system keeps track of all visits and in case the apartments he visited do not satisfy the buyer, these are excluded from future searches. The system also generates a variety of reports: complete lists of apartments sorted by region, short apartment lists for advertisement in newspaper, sold apartments for each agent.</b></div>",
    "parent" : null
  } ],
  "projects" : [ ],
  "iterations" : [ ],
  "stories" : [ {
    "@id" : 3,
    "name" : "Creating a employee system",
    "description" : "The goal is to create a employee system. Employee can sell and do custom searches of apartment in the offer of HOUSE company. Agent can do a custom search of all apartments and also it can use recommend option that works by getting Customers data offering suitable apartments.",
    "backlog" : 2,
    "state" : "NOT_STARTED",
    "treeRank" : 5,
    "parent" : null,
    "iteration" : null,
    "responsibles" : [ ],
    "storyPoints" : 2,
    "storyValue" : 2,
    "fullInfoStory" : null
  }, {
    "@id" : 4,
    "name" : "Creating a system for adding apartments ",
    "description" : "The system allows the administrator to add new apartments into apartments list. Also administrator can use search to find some specific apartment or he can ask system to generate a custom report for him. This search is also available for Agents but with less privileges.&nbsp;",
    "backlog" : 2,
    "state" : "NOT_STARTED",
    "treeRank" : 4,
    "parent" : null,
    "iteration" : null,
    "responsibles" : [ ],
    "storyPoints" : 3,
    "storyValue" : 3,
    "fullInfoStory" : null
  }, {
    "@id" : 5,
    "name" : "Creating network communication between data centars",
    "description" : "One of the request for making a software for HOUSE company is that they would like to have a centralized system for their companies that are out of town. So we must make VPN Network for communication of these centers over Internet. This implementation should be done with OpenVPN.",
    "backlog" : 2,
    "state" : "NOT_STARTED",
    "treeRank" : 3,
    "parent" : null,
    "iteration" : null,
    "responsibles" : [ ],
    "storyPoints" : 5,
    "storyValue" : 5,
    "fullInfoStory" : null
  }, {
    "@id" : 6,
    "name" : "Building customer system",
    "description" : "Every customer who is interested in buying an apartment should register for account. After the customer is registered all of customer searches and navigation through site should be recorded into separate table in database. Search in customer mode should be the same as the search mode in administration panel.",
    "backlog" : 2,
    "state" : "NOT_STARTED",
    "treeRank" : 2,
    "parent" : null,
    "iteration" : null,
    "responsibles" : [ ],
    "storyPoints" : 3,
    "storyValue" : 3,
    "fullInfoStory" : null
  }, {
    "@id" : 7,
    "name" : "Visitor tracking",
    "description" : "One of the requests from House apartments company is to create a visitor tracking system. For the best performance of the system we should use existing analytic's system (Google Analytic's).&nbsp;",
    "backlog" : 2,
    "state" : "NOT_STARTED",
    "treeRank" : 1,
    "parent" : null,
    "iteration" : null,
    "responsibles" : [ ],
    "storyPoints" : 2,
    "storyValue" : 2,
    "fullInfoStory" : null
  }, {
    "@id" : 8,
    "name" : "Migration of data",
    "description" : "House apartments company already has a old program which have all the data of customers, apartments and visitors so we must transfer all the data from old database to new database. Old database DBMS was MySQL and we are transferring the system on to Oracle DBMS.",
    "backlog" : 2,
    "state" : "NOT_STARTED",
    "treeRank" : 0,
    "parent" : null,
    "iteration" : null,
    "responsibles" : [ ],
    "storyPoints" : 4,
    "storyValue" : 4,
    "fullInfoStory" : null
  } ],
  "tasks" : [ ],
  "assignments" : [ ],
  "backlogHourEntries" : [ ],
  "storyHourEntries" : [ ],
  "taskHourEntries" : [ ],
  "backlogHistoryEntries" : [ ],
  "iterationHistoryEntries" : [ ],
  "labels" : [ ],
  "storyAccesses" : [ ],
  "storyRanks" : [ ],
  "teams" : [ {
    "@id" : 9,
    "name" : "Admin team",
    "description" : null,
    "users" : [ 1 ],
    "products" : [ 2 ],
    "iterations" : [ ]
  } ],
  "whatsNextEntries" : [ ],
  "whatsNextStoryEntries" : [ ],
  "widgetCollections" : [ {
    "@id" : 10,
    "user" : null,
    "name" : "Example custom dashboard"
  } ],
  "widgets" : [ {
    "agilefantWidget" : {
      "@id" : 11,
      "type" : "story",
      "widgetCollection" : 10,
      "listNumber" : 1,
      "position" : 0
    },
    "story" : null,
    "user" : null,
    "project" : null,
    "iteration" : null
  }, {
    "agilefantWidget" : {
      "@id" : 12,
      "type" : "projectMetrics",
      "widgetCollection" : 10,
      "listNumber" : 0,
      "position" : 1
    },
    "story" : null,
    "user" : null,
    "project" : null,
    "iteration" : null
  }, {
    "agilefantWidget" : {
      "@id" : 13,
      "type" : "iterationMetrics",
      "widgetCollection" : 10,
      "listNumber" : 0,
      "position" : 0
    },
    "story" : null,
    "user" : null,
    "project" : null,
    "iteration" : null
  } ],
  "settings" : [ {
    "@id" : 14,
    "name" : "AgilefantDatabaseVersion",
    "description" : "Agilefant database version",
    "value" : "304"
  }, {
    "@id" : 15,
    "name" : "branchMetricsType",
    "description" : null,
    "value" : "both"
  }, {
    "@id" : 16,
    "name" : "CriticalLow",
    "description" : null,
    "value" : "100"
  }, {
    "@id" : 17,
    "name" : "DailyWork",
    "description" : null,
    "value" : "true"
  }, {
    "@id" : 18,
    "name" : "DevDashboard",
    "description" : null,
    "value" : "true"
  }, {
    "@id" : 19,
    "name" : "DevPortfolio",
    "description" : null,
    "value" : "true"
  }, {
    "@id" : 20,
    "name" : "HourReporting",
    "description" : null,
    "value" : "true"
  }, {
    "@id" : 21,
    "name" : "labelsInStoryList",
    "description" : null,
    "value" : "true"
  }, {
    "@id" : 22,
    "name" : "OptimalHigh",
    "description" : null,
    "value" : "85"
  }, {
    "@id" : 23,
    "name" : "OptimalLow",
    "description" : null,
    "value" : "70"
  }, {
    "@id" : 24,
    "name" : "RangeHigh",
    "description" : null,
    "value" : "120"
  }, {
    "@id" : 25,
    "name" : "RangeLow",
    "description" : null,
    "value" : "0"
  }, {
    "@id" : 26,
    "name" : "StoryTreeFieldOrder",
    "description" : null,
    "value" : "state,storyPoints,labels,name,backlog,breadcrumb"
  }, {
    "@id" : 27,
    "name" : "weekendsInBurndown",
    "description" : null,
    "value" : "true"
  } ]
}